id,full_length,cds_length,prefix_length,suffix_length,CAI,tAI,CG_content,MFE,avg_MFE,AUP,CPB,motif
design4_SP,69,69,0,0,0.9625873716475402,0.451397061808776,0.6231884057971014,-23.3,-0.33768115942028987,0.30434782608695654,0.17302435233039629,
design4_Epitope,1587,1587,0,0,0.9356621544294835,0.39127484390974626,0.5822306238185255,-582.9,-0.367296786389414,0.3635790800252048,-0.006027437976726049,AATAAT:1|BsaI:1|NdeI:1
design4_MITD,162,162,0,0,0.9722669438118041,0.43945487716546844,0.7037037037037037,-74.8,-0.46172839506172836,0.32098765432098764,0.014942831744693047,BspQ1:1|FseI:1|SacI:1|SapI:1
